X4 number of convenience stores,X5 latitude,X6 longitude,X3 distance to the nearest MRT station,Y house price of unit area
1.0,0.6169413475521424,0.7193228380417622,0.00951267162646579,37.9
0.9,0.5849491032477658,0.7114513694198195,0.04380939087238875,42.2
0.5,0.6712312166747552,0.7588958378260031,0.0833150513098478,47.3
0.5,0.6712312166747552,0.7588958378260031,0.0833150513098478,54.8
0.5,0.5731943771207284,0.7431529005821176,0.05679908927803007,43.1
0.30000000000000004,0.3754241396025577,0.4206383437567638,0.3328333476285393,32.1
0.7000000000000001,0.5727096461464498,0.6781324131982274,0.09282658134109707,40.3
0.6000000000000001,0.585918565196323,0.7413198188482966,0.040871531160840725,46.7
0.1,0.22879301987399003,0.11915031270200416,0.8490274357443697,18.8
0.30000000000000004,0.42704798836649616,0.445654518007359,0.2722189728867981,22.1
0.1,0.5019389238972849,0.6490187621307086,0.05906449062572128,41.4
0.9,0.5121182743577606,0.7501617425057248,0.010375402047250855,58.1
0.5,0.4008725157538038,0.6883761052404225,0.07252508932379287,39.3
0.4,0.35155113911781655,0.39821004960094797,0.3784066639856608,23.8
0.4,0.7209161415414655,0.6526849255983507,0.17656907188754398,34.3
0.2,0.6099127484246196,0.7834806987275442,0.08597936129498701,50.5
0.6000000000000001,0.5498061076103227,0.7661203364243647,0.04170611770172145,70.1
0.1,0.5255695588948583,0.6217381927970109,0.05065537341690908,37.4
0.8,0.42935046049444736,0.7653655380634063,0.05332911935166995,42.3
0.7000000000000001,0.43201648085317856,0.7277334483501363,0.0,47.7
0.30000000000000004,0.3765147842947272,0.4095320250162331,0.34843313798091996,29.3
0.7000000000000001,0.5236306349976303,0.7750700884191701,0.03956752932943736,51.6
0.1,0.24200193892392008,0.8075264179424266,0.20677973413441597,24.6
0.7000000000000001,0.5236306349976303,0.7750700884191701,0.03956752932943736,47.9
0.4,0.5024236548715635,0.7043346991588351,0.07074098328188566,38.8
0.2,0.5253271934076906,0.47153331895606243,0.2265378392036717,27.0
0.5,0.5911294231701731,0.7588958378260031,0.05576175357044268,56.2
0.5,0.28914202617551155,0.7073538926028959,0.03914622191321533,33.6
0.4,0.5104217159477002,0.6948458054775983,0.08261795119558556,47.0
0.5,0.5278720310228096,0.7915678240242414,0.06618482727268374,57.1
0.0,0.19619486185172264,0.24088850549924246,0.6955234072992571,22.1
0.7000000000000001,0.6148812409113589,0.6529005822728777,0.11540020362098659,25.0
0.1,0.5019389238972849,0.6575372007762326,0.07195914890927167,34.2
0.6000000000000001,0.5615608337373033,0.747034720724514,0.04644840941878795,49.3
0.7000000000000001,0.6316044595250219,0.7429372439075905,0.02815071091310701,55.1
0.0,1.0,0.4812378693118262,0.6274187448103051,27.3
0.2,0.38523994183231025,0.44263532456307075,0.29570505149510184,22.9
0.1,0.24200193892392008,0.8075264179424266,0.20677973413441597,25.3
0.6000000000000001,0.48400387784784016,0.7945870174680749,0.08578649667222829,47.7
0.5,0.6054289869123295,0.7542592193228757,0.04113794978433874,46.2
0.0,0.11488124091130203,0.32650420530512747,0.6278204687638697,15.9
0.0,0.13208919049930046,0.3222989001510541,0.6254339469480842,18.2
0.5,0.3754241396025577,0.690640500323525,0.07673729723490046,34.7
0.6000000000000001,0.6714735821619797,0.7491912874702393,0.07570481872105275,34.1
0.4,0.51357246728071,0.7992236359714298,0.07890516798855142,53.9
0.8,0.46146388754243617,0.7700021565665338,0.07199729489577496,38.3
0.9,0.4632816286961088,0.7661203364243647,0.06815222276879919,42.0
0.30000000000000004,0.5278720310228096,0.6860038818199428,0.09549741914712208,61.5
0.0,0.1789869122637242,0.23991805046352965,0.7088356759630302,13.4
0.1,0.20819195346587094,0.2360362303211332,0.6940800163825411,13.2
0.4,0.5081192438196922,0.6996980806554802,0.07566794117367895,44.2
0.1,0.2659961221522167,0.8549708863488377,0.2683867398388157,20.7
0.30000000000000004,0.5104217159477002,0.4741211990510692,0.2189134372216743,27.0
0.5,0.4008725157538038,0.6883761052404225,0.07252508932379287,38.9
0.5,0.6054289869123295,0.7542592193228757,0.04113794978433874,51.7
0.0,0.21340281143966422,0.6098770756955219,0.17591845542674583,13.7
0.8,0.4904265632574152,0.7230968298467815,0.053810693095311626,41.9
0.7000000000000001,0.30744062045567944,0.6855725684708887,0.005118834060157204,53.5
0.1,0.20819195346587094,0.2360362303211332,0.6940800163825411,22.6
0.5,0.31131846825013554,0.6561354323914657,0.04836625844500476,42.4
0.2,0.38269510421719133,0.44403709294783766,0.2951169288645848,21.3
0.6000000000000001,0.5305380513815408,0.7723743799870135,0.0365492784208668,63.2
0.30000000000000004,0.37518177411539,0.4206383437567638,0.3329643681093514,27.7
0.4,0.51357246728071,0.7992236359714298,0.07890516798855142,55.0
0.0,0.3754241396025577,0.8153978865643694,0.15041407360067932,25.3
0.8,0.5365971885603926,0.7522104809143002,0.015524466724368066,44.3
0.6000000000000001,0.4076587493941588,0.7263316799653694,0.02632810310298945,50.7
0.5,0.4201405719825857,0.7239594565451171,0.012595795462123745,56.8
0.6000000000000001,0.5764663111972936,0.6957084321759339,0.06819254985185436,36.2
0.5,0.6712312166747552,0.7588958378260031,0.0833150513098478,42.0
0.9,0.5121182743577606,0.7501617425057248,0.010375402047250855,59.0
0.30000000000000004,0.5278720310228096,0.6860038818199428,0.09549741914712208,40.8
0.8,0.5307804168687085,0.7073538926028959,0.06205472759205444,36.3
0.0,0.11488124091130203,0.32650420530512747,0.6278204687638697,20.0
1.0,0.6223945710131034,0.6910718136725791,0.055095838496241535,54.4
0.1,0.24200193892392008,0.8075264179424266,0.20677973413441597,29.5
0.30000000000000004,0.5472612699951469,0.6916109553590104,0.09173252165439064,36.8
0.30000000000000004,0.3774842462433412,0.41880526202294277,0.33439538401017027,25.6
0.2,0.5321134270480457,0.6499892171661941,0.08183818597512967,29.8
0.1,0.23933591856524572,0.8123786931203085,0.21524084187876652,26.5
0.4,0.51357246728071,0.7992236359714298,0.07890516798855142,40.3
0.6000000000000001,0.39020843431899266,0.7128531378045864,0.054823294239874365,36.8
0.7000000000000001,0.42632089190504985,0.743907698943076,0.01973070369030523,48.1
0.30000000000000004,0.34524963645179696,0.3750269570841738,0.4151832002922187,17.7
0.7000000000000001,0.42753271934077475,0.7667673064481733,0.05567174079856003,43.7
0.9,0.4418322830829311,0.7612680612462555,0.048817126680451364,50.8
0.1,0.2318225884634444,0.8137804615053028,0.2215770047058597,27.0
0.0,0.13208919049930046,0.3222989001510541,0.6254339469480842,18.3
0.0,0.6502666020359129,0.5828121630363512,0.21394038239566376,48.0
0.0,0.1909840038778725,0.3116238947595775,0.6070814889970578,25.3
0.1,0.5178138633058893,0.6152684925598351,0.038769619241922126,45.4
0.0,0.6497818710616343,0.5830278197111056,0.21325759089353274,43.2
0.4,0.35155113911781655,0.39821004960094797,0.3784066639856608,21.8
0.0,0.20758603974798007,0.6171015742936561,0.17370595727201538,16.1
0.5,0.41480853126518014,0.7195384947162893,0.022308450439243146,41.0
0.5,0.4201405719825857,0.7239594565451171,0.012595795462123745,51.8
0.9,0.5121182743577606,0.7501617425057248,0.010375402047250855,59.5
0.30000000000000004,0.5500484730974904,0.6411472935085385,0.09189370623645239,34.6
0.5,0.6054289869123295,0.7542592193228757,0.04113794978433874,51.0
0.9,0.5121182743577606,0.7501617425057248,0.010375402047250855,62.2
0.4,0.6865002423655255,0.653224067284782,0.14561785775184052,38.2
0.1,0.5046049442559593,0.6071813672631379,0.022699810316993828,32.9
0.6000000000000001,0.4076587493941588,0.7263316799653694,0.02632810310298945,54.4
0.6000000000000001,0.29217159476490906,0.6999137373300073,0.02861840917017388,45.7
0.6000000000000001,0.3866941347552597,0.7436920422687763,0.057089515432368766,30.5
0.6000000000000001,0.5498061076103227,0.7661203364243647,0.04170611770172145,71.0
0.8,0.5453223460979757,0.7499460858311977,0.02569908104493199,47.1
0.1,0.24200193892392008,0.8075264179424266,0.20677973413441597,26.6
0.2,0.49115365971891833,0.669398317877949,0.0880355165926255,34.1
0.30000000000000004,0.3746970431411114,0.4238731938753517,0.3285556140082557,28.4
0.5,0.4201405719825857,0.7239594565451171,0.012595795462123745,51.6
0.7000000000000001,0.5445952496364725,0.7408885054992425,0.026797224486884506,39.4
0.30000000000000004,0.3437954435288475,0.44306663791235223,0.3216025566386844,23.1
0.6000000000000001,0.3593068347067856,0.6964632305368923,0.05721553950051244,7.6
0.8,0.5996122152205885,0.7320465818415869,0.018632977905139243,53.3
0.2,0.5919777023752317,0.7964200992018959,0.1105295056452162,46.4
0.1,0.14154144449832984,0.05714901876217482,0.9858092598952206,12.2
0.0,0.08216190014542235,0.3267198619796545,0.6456612198075445,13.0
0.30000000000000004,0.4138390693165661,0.4697002372222414,0.24136527387636497,30.6
0.5,0.6054289869123295,0.7542592193228757,0.04113794978433874,59.6
0.5,0.4008725157538038,0.6883761052404225,0.07252508932379287,31.3
0.5,0.4008725157538038,0.6883761052404225,0.07252508932379287,48.0
0.4,0.6049442559379941,0.7667673064481733,0.060570251622559496,32.5
0.0,0.4729762481823059,0.6272374379987014,0.025066640388732908,45.5
0.7000000000000001,0.5236306349976303,0.7750700884191701,0.03956752932943736,57.4
0.6000000000000001,0.4076587493941588,0.7263316799653694,0.02632810310298945,48.6
0.4,0.5611972855065801,0.6603407375457664,0.12085856016417787,62.9
0.5,0.5911294231701731,0.7588958378260031,0.05576175357044268,55.0
0.6000000000000001,0.4201405719825857,0.7209402631010562,0.015717563378674856,60.7
0.7000000000000001,0.5912506059137286,0.7342031485873122,0.02992434459781118,41.0
0.8,0.5919777023752317,0.6793185249082399,0.07922240152107757,37.5
0.30000000000000004,0.3746970431411114,0.4238731938753517,0.3285556140082557,30.7
0.5,0.5121182743577606,0.7019624757385827,0.07105970181631946,37.5
0.8,0.6608095007271118,0.725576881604411,0.054142374458897795,39.5
0.6000000000000001,0.41165777993217034,0.7394867371144755,0.025304704757056352,42.2
0.0,0.3817256422685773,0.8192797067067659,0.15249920190428726,20.8
0.5,0.5731943771207284,0.7431529005821176,0.05679908927803007,46.8
0.6000000000000001,0.3984488608822403,0.7466034073754599,0.04573929007033551,47.4
0.0,0.561803199224471,0.5448565883114043,0.14217092082381919,43.5
0.5,0.4008725157538038,0.6883761052404225,0.07252508932379287,42.5
0.5,0.6054289869123295,0.7542592193228757,0.04113794978433874,51.4
0.30000000000000004,0.4854580707707328,0.4608583135648132,0.23766901131555368,28.9
0.5,0.4617062530296039,0.7864998921716051,0.0954770003708916,37.5
0.5,0.4008725157538038,0.6883761052404225,0.07252508932379287,40.1
0.1,0.24200193892392008,0.8075264179424266,0.20677973413441597,28.4
0.5,0.5278720310228096,0.7915678240242414,0.06618482727268374,45.5
0.0,0.4729762481823059,0.6272374379987014,0.025066640388732908,52.2
0.8,0.4617062530296039,0.7700021565665338,0.07216169698196999,43.2
0.0,0.010421715947643406,0.41513909855507336,0.5811937291784944,45.1
0.8,0.5019389238972849,0.7431529005821176,0.02414225763874772,39.7
0.7000000000000001,0.4255937954435467,0.745740780676897,0.022792963249160414,48.5
0.9,0.5951284537081847,0.6938753504421129,0.0563665360661114,44.7
0.1,0.24200193892392008,0.8075264179424266,0.20677973413441597,28.9
0.6000000000000001,0.2679350460495016,0.6857882251456431,0.054571973135770994,40.9
0.0,0.13208919049930046,0.3222989001510541,0.6254339469480842,20.7
0.0,0.11488124091130203,0.32650420530512747,0.6278204687638697,15.6
0.0,0.2031022782356331,0.6039465171445499,0.1920211354876512,18.3
0.4,0.5670140571983211,0.6589389691609995,0.12259751286682999,35.6
0.5,0.5731943771207284,0.7431529005821176,0.05679908927803007,39.4
0.4,0.5670140571983211,0.6589389691609995,0.12259751286682999,37.4
0.8,0.31858943286476915,0.6904248436487705,0.0040649158312675,57.8
0.30000000000000004,0.5472612699951469,0.6916109553590104,0.09173252165439064,39.6
0.0,0.13208919049930046,0.3222989001510541,0.6254339469480842,11.6
0.5,0.4201405719825857,0.7239594565451171,0.012595795462123745,55.5
0.0,0.4729762481823059,0.6272374379987014,0.025066640388732908,55.2
0.1,0.543746970431414,0.8667241751131769,0.18766420176562523,30.6
0.6000000000000001,0.5498061076103227,0.7661203364243647,0.04170611770172145,73.6
0.8,0.5090887057683631,0.7179210696569953,0.04744311319660929,43.4
0.5,0.3746970431411114,0.7512400258788148,0.0760644830893366,37.4
0.1,0.27399418322835345,0.8764287254689407,0.2999773710459303,23.5
0.0,0.18589432864763467,0.24530946732784287,0.6967604448258865,14.4
0.5,0.5911294231701731,0.7588958378260031,0.05576175357044268,58.8
0.9,0.5121182743577606,0.7501617425057248,0.010375402047250855,58.1
0.4,0.6203344643723199,0.7663359930988918,0.05854896293221151,35.1
0.7000000000000001,0.586888027144937,0.6927970670690229,0.0632140036125394,45.2
0.30000000000000004,0.46025206010671127,0.690640500323525,0.06942254908819213,36.5
0.0,0.2011633543383482,0.23226223851611394,0.7038903102350899,19.2
0.9,0.544110518662194,0.744985982316166,0.024393284836223536,42.0
0.4,0.723339796413029,0.6580763424626639,0.17341313345834658,36.7
0.1,0.5193892389723942,0.5797929695922903,0.06426785996634961,42.6
0.0,0.20492001938924886,0.24455466896711187,0.6846302995556987,15.5
0.8,0.6400872515754372,0.7297821867587118,0.027613465066697564,55.9
0.30000000000000004,0.3746970431411114,0.4238731938753517,0.3285556140082557,23.6
0.0,0.11488124091130203,0.32650420530512747,0.6278204687638697,18.8
0.0,0.2772661173049187,0.9511537632088221,0.400963224212382,21.8
0.30000000000000004,0.49418322830831585,0.4719646323053439,0.22026030301439178,21.5
0.30000000000000004,0.3774842462433412,0.41880526202294277,0.33439538401017027,25.7
0.0,0.27350945225407486,1.0,0.4725389239728153,22.0
0.8,0.5453223460979757,0.7503773991804792,0.02577968880473273,44.3
0.0,0.13208919049930046,0.3222989001510541,0.6254339469480842,20.5
0.8,0.5741638390693424,0.6781324131982274,0.09175929809503831,42.3
0.2,0.5046049442559593,0.8192797067067659,0.11240962634171624,37.8
0.7000000000000001,0.42935046049444736,0.7241751132196441,0.005291341781764936,42.7
0.5,0.6106398448861228,0.7681690748327128,0.061580578857951124,49.3
0.0,0.018904507998115605,0.4102868233769641,0.5798487196381615,29.3
0.5,0.2687833252545033,0.7156566745741202,0.06770970766908323,34.6
0.2,0.5929471643238458,0.7936165624323621,0.10588742061937773,36.6
0.8,0.4452253999031086,0.7263316799653694,0.015986317786423485,48.2
0.7000000000000001,0.41456616577806926,0.7378693120551816,0.020762547984588205,39.1
0.8,0.4529810954920208,0.7695708432174797,0.06624640844554246,31.6
0.0,0.3754241396025577,0.8153978865643694,0.15041407360067932,25.5
0.5,0.6712312166747552,0.7588958378260031,0.0833150513098478,45.9
0.30000000000000004,0.527387300048531,0.6857882251456431,0.09580051422398558,31.5
0.5,0.6054289869123295,0.7542592193228757,0.04113794978433874,46.1
0.1,0.23933591856524572,0.8123786931203085,0.21524084187876652,26.6
0.30000000000000004,0.4946679592826513,0.47174897563081686,0.22063712224846319,21.4
1.0,0.6223945710131034,0.6910718136725791,0.055095838496241535,44.0
0.30000000000000004,0.5206010664081759,0.6835238300623132,0.09926012007453175,34.2
0.1,0.24200193892392008,0.8075264179424266,0.20677973413441597,26.2
0.8,0.5016965584101172,0.7459564373516514,0.023550670003779455,40.9
0.5,0.5731943771207284,0.7431529005821176,0.05679908927803007,52.2
0.1,0.5178138633058893,0.6152684925598351,0.038769619241922126,43.5
0.2,0.6622636936500612,0.5108906620660036,0.2756971257924203,31.1
0.9,0.5121182743577606,0.7501617425057248,0.010375402047250855,58.0
0.30000000000000004,0.42704798836649616,0.445654518007359,0.2722189728867981,20.9
0.8,0.4838826951042847,0.7681690748327128,0.05573862775948469,48.1
0.1,0.478187106156156,0.6691826612031946,0.0877924403428637,39.7
0.6000000000000001,0.5611972855065801,0.7295665300839573,0.05402334227473607,40.8
0.5,0.4008725157538038,0.6883761052404225,0.07252508932379287,43.8
0.8,0.5931895298110135,0.6795341815829943,0.07833296272223225,40.2
0.9,0.5448376151236403,0.7453094673278429,0.02523378044719521,78.3
0.0,0.6497818710616343,0.5830278197111056,0.21325759089353274,38.5
1.0,0.5957343674261324,0.6890230752640036,0.06307059264706008,48.5
0.0,0.6497818710616343,0.5830278197111056,0.21325759089353274,42.3
0.6000000000000001,0.558288899660738,0.7350657752856478,0.04664747701826517,46.0
0.6000000000000001,0.4076587493941588,0.7263316799653694,0.02632810310298945,49.0
0.0,0.11488124091130203,0.32650420530512747,0.6278204687638697,12.8
0.8,0.5879786718371633,0.7152253612248387,0.03738462293147124,40.2
0.0,0.8371303926321048,0.47692473582037564,0.4869485471712775,46.6
0.0,0.20395055744063484,0.6191503127022315,0.17526567333816565,19.0
0.30000000000000004,0.3746970431411114,0.4238731938753517,0.3285556140082557,33.4
0.0,0.12457586039749913,0.3239163252101207,0.6266944970049182,14.7
0.1,0.22115850702863327,0.24088850549924246,0.6789834251140826,17.4
0.9,0.5827678138633701,0.7094026310114714,0.04795087556764353,32.4
0.4,0.33931168201655737,0.4321759758463486,0.33926557151653486,23.9
0.7000000000000001,0.41190014541933806,0.7487599741211852,0.03515249490777377,39.3
1.0,0.6198497333979844,0.6913952986844834,0.05421124142236602,61.9
0.0,0.540596219098461,0.5569333620876478,0.10974627542030907,39.0
0.0,0.540596219098461,0.5569333620876478,0.10974627542030907,40.6
0.0,0.37893843916629066,0.7994392926459568,0.12596845172847232,29.7
0.2,0.38839069316532004,0.46549493206816805,0.26130606511780397,28.8
0.7000000000000001,0.41190014541933806,0.7487599741211852,0.03515249490777377,41.4
0.30000000000000004,0.3817256422685773,0.4287254690532336,0.31772964072593973,33.4
0.8,0.609428017450341,0.7084321759757586,0.02796562708159369,48.2
0.30000000000000004,0.4854580707707328,0.4608583135648132,0.23766901131555368,21.7
0.5,0.4909112942317506,0.8045072244985931,0.09532427720594962,40.8
0.6000000000000001,0.38839069316532004,0.7461720940264058,0.05668361491093881,40.6
0.0,0.3640329617063003,0.8167996549491363,0.15958884851182453,23.1
0.0,0.3817256422685773,0.8192797067067659,0.15249920190428726,22.3
0.1,0.30731943771206716,0.017576018977706553,0.9718672576099759,15.0
0.7000000000000001,0.511633543383482,0.70778520595195,0.06208086981313739,30.0
0.0,0.2124333494910502,0.6108475307310073,0.17573623331765872,13.8
0.9,0.5121182743577606,0.7501617425057248,0.010375402047250855,52.7
0.2,0.39469219583133963,0.46042700021553173,0.26485815874341223,25.9
0.5,0.6116093068347368,0.7593271511752846,0.04742598926836147,51.8
0.1,0.22879301987399003,0.11915031270200416,0.8490274357443697,17.4
0.1,0.5225399903054608,0.6251886995901259,0.04885750016981616,26.5
0.1,0.5203587009210651,0.5797929695922903,0.06508493585973574,43.9
0.6000000000000001,0.5498061076103227,0.7661203364243647,0.04170611770172145,63.3
0.0,0.37893843916629066,0.7994392926459568,0.12596845172847232,28.8
0.4,0.46849248666990206,0.468729782186756,0.22610919959053055,30.7
0.30000000000000004,0.3245273873001224,0.43196031917182154,0.35031011851713606,24.4
0.5,0.6054289869123295,0.7542592193228757,0.04113794978433874,53.0
0.30000000000000004,0.3746970431411114,0.4238731938753517,0.3285556140082557,31.7
0.7000000000000001,0.45576829859430745,0.7730213500105947,0.07274562757585183,40.6
0.4,0.5670140571983211,0.6589389691609995,0.12259751286682999,38.1
0.30000000000000004,0.42704798836649616,0.445654518007359,0.2722189728867981,23.7
0.5,0.5121182743577606,0.7019624757385827,0.07105970181631946,41.1
0.5,0.5731943771207284,0.7431529005821176,0.05679908927803007,40.1
0.0,0.37893843916629066,0.7994392926459568,0.12596845172847232,23.0
0.1,0.5153902084343258,0.6138667241750682,0.035454321545507816,117.5
0.8,0.4529810954920208,0.7695708432174797,0.06624640844554246,26.5
0.5,0.4008725157538038,0.6883761052404225,0.07252508932379287,40.5
0.1,0.5046049442559593,0.6071813672631379,0.022699810316993828,29.3
0.7000000000000001,0.49660688317987933,0.7160879879231743,0.05733259168213059,41.0
0.7000000000000001,0.43201648085317856,0.7277334483501363,0.0,49.7
0.5,0.2687833252545033,0.7156566745741202,0.06770970766908323,34.0
0.30000000000000004,0.3774842462433412,0.41880526202294277,0.33439538401017027,27.7
0.6000000000000001,0.29217159476490906,0.6999137373300073,0.02861840917017388,44.0
0.30000000000000004,0.46279689772177335,0.4624757386241072,0.2368063180198163,31.1
0.6000000000000001,0.4088705768298837,0.7260081949534651,0.024896576732764884,45.4
0.9,0.5951284537081847,0.6938753504421129,0.0563665360661114,44.8
0.1,0.2318225884634444,0.8137804615053028,0.2215770047058597,25.6
0.2,0.6625060591372289,0.48425706275611446,0.3024590257964261,23.5
0.7000000000000001,0.42753271934077475,0.7667673064481733,0.05567174079856003,34.4
0.30000000000000004,0.5213281628696791,0.6783480698727544,0.10749416174593754,55.3
0.9,0.5121182743577606,0.7501617425057248,0.010375402047250855,56.3
0.5,0.2687833252545033,0.7156566745741202,0.06770970766908323,32.9
0.6000000000000001,0.5615608337373033,0.7469268923871368,0.04645400911348146,51.0
0.5,0.6054289869123295,0.7542592193228757,0.04113794978433874,44.5
0.0,0.4859428017450682,0.6596937675221852,0.072233240042626,37.0
0.7000000000000001,0.30744062045567944,0.6855725684708887,0.005118834060157204,54.4
0.5,0.2989578284052641,0.6520379555747695,0.05758897107398197,24.5
0.7000000000000001,0.42753271934077475,0.7667673064481733,0.05567174079856003,42.5
0.6000000000000001,0.575981580223015,0.7318309251670598,0.048284908184250186,38.1
0.30000000000000004,0.3746970431411114,0.42042268708200936,0.3335387235346828,21.8
0.4,0.723339796413029,0.6580763424626639,0.17341313345834658,34.1
0.4,0.46000969461954355,0.7792753935732435,0.0840962860634415,28.5
0.0,0.11488124091130203,0.32650420530512747,0.6278204687638697,16.7
1.0,0.6023994183228751,0.7230968298467815,0.015212508042368147,46.1
0.4,0.4228065923413169,0.7158723312484199,0.02055201802663616,36.9
0.0,0.48739699466801767,0.6568902307526514,0.06781539030484578,35.7
0.30000000000000004,0.3245273873001224,0.43196031917182154,0.35031011851713606,23.2
0.0,0.4791565681047132,0.6545180073321717,0.06440076763708613,38.4
0.30000000000000004,0.4138390693165661,0.4652792753934136,0.24791799948166013,29.4
0.5,0.6054289869123295,0.7542592193228757,0.04113794978433874,55.0
0.1,0.5043625787688484,0.6066422255769339,0.022676823724964677,50.2
0.0,0.2730247212797394,1.0,0.47280405868841396,24.7
0.5,0.6054289869123295,0.7542592193228757,0.04113794978433874,53.0
0.0,0.2031022782356331,0.6039465171445499,0.1920211354876512,19.1
0.2,0.26502666020360266,0.8433254259218756,0.2506120404424925,24.7
0.4,0.5111488124091466,0.6966788872114194,0.07957355806593204,42.2
0.9,0.4682501211827912,0.7241751132196441,0.045655511212711095,78.0
0.5,0.4201405719825857,0.7239594565451171,0.012595795462123745,42.8
0.6000000000000001,0.48400387784784016,0.7945870174680749,0.08578649667222829,41.6
0.2,0.6196073679108736,0.4808065559627721,0.26807813787987794,27.3
0.7000000000000001,0.41190014541933806,0.7487599741211852,0.03515249490777377,42.0
0.2,0.55598642753273,0.6575372007762326,0.1128267417213031,37.5
1.0,0.6223945710131034,0.6910718136725791,0.055095838496241535,49.8
0.5,0.2853853611246109,0.7029329307740682,0.03856294100766809,26.9
0.0,0.08216190014542235,0.3267198619796545,0.6456612198075445,18.6
0.4,0.6865002423655255,0.653224067284782,0.14561785775184052,37.7
0.1,0.5066650508967996,0.606857882251461,0.0253841678278866,33.1
0.6000000000000001,0.536112457586114,0.763748113003885,0.026877136152041032,42.5
0.2,0.38839069316532004,0.46549493206816805,0.26130606511780397,31.3
0.8,0.46146388754243617,0.7700021565665338,0.07199729489577496,38.1
0.7000000000000001,0.30744062045567944,0.6855725684708887,0.005118834060157204,62.1
0.30000000000000004,0.524842462433412,0.8214362734527185,0.11353378825459276,36.7
0.30000000000000004,0.46000969461954355,0.4682984688374745,0.22806073959752762,23.6
0.0,0.08216190014542235,0.3267198619796545,0.6456612198075445,19.2
0.0,0.20940378090159584,0.6138667241750682,0.17532213434819685,12.8
0.0,0.19619486185172264,0.24088850549924246,0.6955234072992571,15.6
0.2,0.5295685894329267,0.6601250808712393,0.09193562660280433,39.6
0.5,0.4201405719825857,0.7239594565451171,0.012595795462123745,38.4
0.5,0.7027387300049099,0.6585076558119454,0.15313434959521385,22.8
0.6000000000000001,0.3906931652933281,0.7235281431958356,0.04860577687769613,36.5
0.2,0.6301502666020724,0.47390554237654214,0.28522093802694753,35.6
0.5,0.44401357246732687,0.7869312055206592,0.0893286748163489,30.9
0.9,0.44352884149299143,0.7524261375888273,0.03632116047157077,36.3
0.5,0.6116093068347368,0.7593271511752846,0.04742598926836147,50.4
0.0,0.4936984973339804,0.6374811300408965,0.03828623565220548,42.9
0.2,0.5046049442559593,0.8192797067067659,0.11240962634171624,37.0
0.9,0.5121182743577606,0.7501617425057248,0.010375402047250855,53.5
0.8,0.6078526417838361,0.6732801380203455,0.08351628453710702,46.6
0.0,0.7989578284052641,0.45255553159358897,0.4736208097376328,41.2
0.0,0.4729762481823059,0.6272374379987014,0.025066640388732908,37.9
0.2,0.38839069316532004,0.46549493206816805,0.26130606511780397,30.8
0.1,0.3044110518662819,0.0,1.0000000000000002,11.2
0.6000000000000001,0.5305380513815408,0.7723743799870135,0.0365492784208668,53.7
0.5,0.4201405719825857,0.7239594565451171,0.012595795462123745,47.0
0.5,0.4008725157538038,0.6883761052404225,0.07252508932379287,42.3
0.30000000000000004,0.3777266117305089,0.4192365753719969,0.33364004397734154,28.6
0.30000000000000004,0.35579253514305265,0.37459564373511967,0.41016652353517036,25.7
0.30000000000000004,0.3746970431411114,0.4238731938753517,0.3285556140082557,31.3
0.1,0.24200193892392008,0.8075264179424266,0.20677973413441597,30.1
0.5,0.5911294231701731,0.7588958378260031,0.05576175357044268,60.7
0.1,0.5101793504605325,0.6087987923224318,0.029091258527607987,45.3
0.9,0.4418322830829311,0.7612680612462555,0.048817126680451364,44.9
0.6000000000000001,0.4076587493941588,0.7263316799653694,0.02632810310298945,45.1
0.0,0.2784779447407004,0.9285098123787066,0.36902454568315707,24.7
1.0,0.6171837130393101,0.7191071813672352,0.009887541795533382,47.1
0.8,0.5014541929229495,0.7267629933146509,0.03988191660830712,63.3
0.4,0.6865002423655255,0.6529005822728777,0.14602784202851657,40.0
1.0,0.6028841492971537,0.7260081949534651,0.013390178670108274,48.0
0.7000000000000001,0.5702859912748863,0.6807202932930068,0.09138277276759448,33.1
0.4,0.3605186621425105,0.41718783696342143,0.34619867417297184,29.5
0.1,0.23582161900151277,0.8519516929047768,0.27505965778601293,24.8
0.2,0.39469219583133963,0.4505067931852409,0.2792014209191254,20.9
0.1,0.5255695588948583,0.6217381927970109,0.05065537341690908,43.1
0.30000000000000004,0.3774842462433412,0.41880526202294277,0.33439538401017027,22.8
0.5,0.6054289869123295,0.7542592193228757,0.04113794978433874,42.1
0.5,0.28889966068834383,0.7119905111062508,0.04478417087461551,51.7
0.7000000000000001,0.41456616577806926,0.7378693120551816,0.020762547984588205,41.5
0.1,0.5178138633058893,0.6152684925598351,0.038769619241922126,52.2
0.5,0.5731943771207284,0.7431529005821176,0.05679908927803007,49.5
0.0,0.358458555501727,0.8257494069441691,0.17550946115134156,23.8
0.2,0.3926320891904993,0.46323053698506556,0.2620115957116462,30.5
0.8,0.31858943286476915,0.6904248436487705,0.0040649158312675,56.8
0.8,0.4689772176442375,0.7850981237868382,0.08732195770721993,37.4
0.6000000000000001,0.5498061076103227,0.7661203364243647,0.04170611770172145,69.7
0.5,0.6054289869123295,0.7542592193228757,0.04113794978433874,53.3
0.9,0.6169413475521424,0.7146862195384074,0.016886337223860955,47.3
0.0,0.0,0.4576234634459979,0.5423630949206908,29.3
0.4,0.5620455647115818,0.7047660125078892,0.0746726341138326,40.3
0.0,0.13208919049930046,0.3222989001510541,0.6254339469480842,12.9
1.0,0.6171837130393101,0.7195384947162893,0.009204473402421646,46.6
0.0,0.4729762481823059,0.6272374379987014,0.025066640388732908,55.3
0.30000000000000004,0.3435530780417366,0.44306663791235223,0.32177704436283566,25.6
0.4,0.33325254483764866,0.4313133491482404,0.34473006916136517,27.3
0.8,0.43007755695589367,0.7415354755228236,0.015310843012441705,67.7
0.9,0.47794474066893144,0.7544748759971753,0.05482864643424993,38.6
0.1,0.2360639844886805,0.8662928617641228,0.29643827118701416,31.3
0.6000000000000001,0.5719825496849467,0.7031485874488226,0.06503367235638136,35.3
0.4,0.6865002423655255,0.6529005822728777,0.14602784202851657,40.3
0.1,0.2832040717402151,0.2455251240025973,0.6362132045453879,24.7
0.4,0.5081192438196922,0.6996980806554802,0.07566794117367895,42.5
0.1,0.48364032961706016,0.8313564804830094,0.1384846046820353,31.9
0.4,0.7209161415414655,0.6526849255983507,0.17656907188754398,32.2
0.2,0.3926320891904993,0.46323053698506556,0.2620115957116462,23.0
0.1,0.5046049442559593,0.6071813672631379,0.022699810316993828,37.3
0.5,0.5121182743577606,0.7019624757385827,0.07105970181631946,35.5
0.30000000000000004,0.3754241396025577,0.4206383437567638,0.3328333476285393,27.7
0.1,0.5066650508967996,0.606857882251461,0.0253841678278866,28.5
0.9,0.6236063984488851,0.7130687944791134,0.02143339759637839,39.7
0.5,0.6054289869123295,0.7542592193228757,0.04113794978433874,41.2
0.6000000000000001,0.2976248182259269,0.6913952986844834,0.016646200040374724,37.2
0.7000000000000001,0.4951526902569867,0.7195384947162893,0.05394822592823974,40.5
0.0,0.2784779447407004,0.9285098123787066,0.36902454568315707,22.3
0.30000000000000004,0.3784537081920121,0.41945223204652393,0.3329437946454223,28.1
0.0,0.11488124091130203,0.32650420530512747,0.6278204687638697,15.4
0.9,0.5121182743577606,0.7501617425057248,0.010375402047250855,50.0
0.7000000000000001,0.5714978187106681,0.7152253612248387,0.0568611499827548,40.6
0.5,0.4201405719825857,0.7239594565451171,0.012595795462123745,52.5
0.9,0.5121182743577606,0.7501617425057248,0.010375402047250855,63.9
